month,revenue,orders,active_customers,previous_month_revenue,mom_growth_pct
2025-01-01,575977.34,116,94,,
2025-02-01,2666354.36,447,319,575977.34,362.93
2025-03-01,6712198.55,1044,660,2666354.36,151.74
2025-04-01,9093380.23,1463,946,6712198.55,35.48
2025-05-01,12502125.69,1904,1264,9093380.23,37.49
2025-06-01,14485417.18,2175,1475,12502125.69,15.86
2025-07-01,17643919.61,2508,1680,14485417.18,21.8
2025-08-01,19312387.12,2639,1841,17643919.61,9.46
2025-09-01,18918429.62,2705,1897,19312387.12,-2.04
2025-10-01,21492108.78,2996,2117,18918429.62,13.6
2025-11-01,23157291.83,2890,2087,21492108.78,7.75
2025-12-01,23431627.98,2987,2164,23157291.83,1.18
2026-01-01,25081910.23,3044,2231,23431627.98,7.04
2026-02-01,22830998.69,2768,2063,25081910.23,-8.97
2026-03-01,24896531.14,3160,2322,22830998.69,9.05
2026-04-01,25677644.33,2970,2200,24896531.14,3.14
2026-05-01,25605357.55,2861,2135,25677644.33,-0.28
2026-06-01,105825296.68,12194,4557,25605357.55,313.29
