cohort_month,month_number,cohort_customers,retained_customers,retention_pct
2025-01-01,0,94,94,100.0
2025-01-01,1,94,63,67.02
2025-01-01,2,94,56,59.57
2025-01-01,3,94,51,54.26
2025-01-01,4,94,35,37.23
2025-01-01,5,94,25,26.6
2025-01-01,6,94,28,29.79
2025-01-01,7,94,13,13.83
2025-01-01,8,94,10,10.64
2025-01-01,9,94,10,10.64
2025-01-01,10,94,4,4.26
2025-01-01,11,94,9,9.57
2025-01-01,12,94,3,3.19
2025-01-01,13,94,5,5.32
2025-01-01,14,94,2,2.13
2025-01-01,15,94,3,3.19
2025-01-01,16,94,1,1.06
2025-01-01,17,94,2,2.13
2025-02-01,0,260,260,100.0
2025-02-01,1,260,149,57.31
2025-02-01,2,260,134,51.54
2025-02-01,3,260,110,42.31
2025-02-01,4,260,90,34.62
2025-02-01,5,260,75,28.85
2025-02-01,6,260,55,21.15
2025-02-01,7,260,35,13.46
2025-02-01,8,260,36,13.85
2025-02-01,9,260,21,8.08
2025-02-01,10,260,23,8.85
2025-02-01,11,260,16,6.15
2025-02-01,12,260,14,5.38
2025-02-01,13,260,12,4.62
2025-02-01,14,260,10,3.85
2025-02-01,15,260,7,2.69
2025-02-01,16,260,15,5.77
2025-03-01,0,461,461,100.0
2025-03-01,1,461,237,51.41
2025-03-01,2,461,246,53.36
2025-03-01,3,461,194,42.08
2025-03-01,4,461,166,36.01
2025-03-01,5,461,130,28.2
2025-03-01,6,461,81,17.57
2025-03-01,7,461,69,14.97
2025-03-01,8,461,68,14.75
2025-03-01,9,461,49,10.63
2025-03-01,10,461,35,7.59
2025-03-01,11,461,28,6.07
2025-03-01,12,461,34,7.38
2025-03-01,13,461,17,3.69
2025-03-01,14,461,9,1.95
2025-03-01,15,461,36,7.81
2025-04-01,0,531,531,100.0
2025-04-01,1,531,285,53.67
2025-04-01,2,531,235,44.26
2025-04-01,3,531,226,42.56
2025-04-01,4,531,156,29.38
2025-04-01,5,531,132,24.86
2025-04-01,6,531,113,21.28
2025-04-01,7,531,85,16.01
2025-04-01,8,531,64,12.05
2025-04-01,9,531,64,12.05
2025-04-01,10,531,49,9.23
2025-04-01,11,531,34,6.4
2025-04-01,12,531,27,5.08
2025-04-01,13,531,23,4.33
2025-04-01,14,531,42,7.91
2025-05-01,0,602,602,100.0
2025-05-01,1,602,317,52.66
2025-05-01,2,602,295,49.0
2025-05-01,3,602,241,40.03
2025-05-01,4,602,198,32.89
2025-05-01,5,602,143,23.75
2025-05-01,6,602,115,19.1
2025-05-01,7,602,101,16.78
2025-05-01,8,602,77,12.79
2025-05-01,9,602,44,7.31
2025-05-01,10,602,50,8.31
2025-05-01,11,602,39,6.48
2025-05-01,12,602,34,5.65
2025-05-01,13,602,90,14.95
2025-06-01,0,635,635,100.0
2025-06-01,1,635,327,51.5
2025-06-01,2,635,306,48.19
2025-06-01,3,635,238,37.48
2025-06-01,4,635,200,31.5
2025-06-01,5,635,143,22.52
2025-06-01,6,635,109,17.17
2025-06-01,7,635,110,17.32
2025-06-01,8,635,83,13.07
2025-06-01,9,635,65,10.24
2025-06-01,10,635,57,8.98
2025-06-01,11,635,39,6.14
2025-06-01,12,635,122,19.21
2025-07-01,0,578,578,100.0
2025-07-01,1,578,291,50.35
2025-07-01,2,578,278,48.1
2025-07-01,3,578,240,41.52
2025-07-01,4,578,177,30.62
2025-07-01,5,578,146,25.26
2025-07-01,6,578,110,19.03
2025-07-01,7,578,89,15.4
2025-07-01,8,578,72,12.46
2025-07-01,9,578,59,10.21
2025-07-01,10,578,52,9.0
2025-07-01,11,578,113,19.55
2025-08-01,0,670,670,100.0
2025-08-01,1,670,352,52.54
2025-08-01,2,670,329,49.1
2025-08-01,3,670,259,38.66
2025-08-01,4,670,216,32.24
2025-08-01,5,670,175,26.12
2025-08-01,6,670,107,15.97
2025-08-01,7,670,118,17.61
2025-08-01,8,670,93,13.88
2025-08-01,9,670,77,11.49
2025-08-01,10,670,192,28.66
2025-09-01,0,594,594,100.0
2025-09-01,1,594,322,54.21
2025-09-01,2,594,295,49.66
2025-09-01,3,594,240,40.4
2025-09-01,4,594,190,31.99
2025-09-01,5,594,137,23.06
2025-09-01,6,594,109,18.35
2025-09-01,7,594,102,17.17
2025-09-01,8,594,74,12.46
2025-09-01,9,594,199,33.5
2025-10-01,0,676,676,100.0
2025-10-01,1,676,344,50.89
2025-10-01,2,676,298,44.08
2025-10-01,3,676,253,37.43
2025-10-01,4,676,195,28.85
2025-10-01,5,676,184,27.22
2025-10-01,6,676,127,18.79
2025-10-01,7,676,104,15.38
2025-10-01,8,676,278,41.12
2025-11-01,0,609,609,100.0
2025-11-01,1,609,315,51.72
2025-11-01,2,609,278,45.65
2025-11-01,3,609,210,34.48
2025-11-01,4,609,204,33.5
2025-11-01,5,609,144,23.65
2025-11-01,6,609,145,23.81
2025-11-01,7,609,273,44.83
2025-12-01,0,619,619,100.0
2025-12-01,1,619,310,50.08
2025-12-01,2,619,266,42.97
2025-12-01,3,619,247,39.9
2025-12-01,4,619,194,31.34
2025-12-01,5,619,155,25.04
2025-12-01,6,619,331,53.47
2026-01-01,0,633,633,100.0
2026-01-01,1,633,310,48.97
2026-01-01,2,633,326,51.5
2026-01-01,3,633,254,40.13
2026-01-01,4,633,202,31.91
2026-01-01,5,633,373,58.93
2026-02-01,0,559,559,100.0
2026-02-01,1,559,280,50.09
2026-02-01,2,559,264,47.23
2026-02-01,3,559,221,39.53
2026-02-01,4,559,400,71.56
2026-03-01,0,609,609,100.0
2026-03-01,1,609,286,46.96
2026-03-01,2,609,252,41.38
2026-03-01,3,609,461,75.7
2026-04-01,0,548,548,100.0
2026-04-01,1,548,252,45.99
2026-04-01,2,548,491,89.6
2026-05-01,0,517,517,100.0
2026-05-01,1,517,475,91.88
2026-06-01,0,697,697,100.0
