product_id,product_name,category,units_sold,orders,gross_revenue,product_rank_in_category,share_of_category
62,Automotive Product 062,Automotive,638,276,1653887.4,1,27.05
78,Automotive Product 078,Automotive,719,311,1598912.2,2,26.15
104,Automotive Product 104,Automotive,597,273,975635.31,3,15.96
50,Automotive Product 050,Automotive,586,262,756977.22,4,12.38
30,Automotive Product 030,Automotive,610,284,677874.7,5,11.09
105,Automotive Product 105,Automotive,689,291,450633.56,6,7.37
39,Beauty Product 039,Beauty,1069,487,1501549.47,1,27.42
9,Beauty Product 009,Beauty,927,417,1479816.45,2,27.02
98,Beauty Product 098,Beauty,942,419,938976.18,3,17.15
1,Beauty Product 001,Beauty,885,405,820014.45,4,14.98
70,Beauty Product 070,Beauty,920,426,735392.8,5,13.43
84,Books Product 084,Books,840,373,1342017.6,1,21.21
40,Books Product 040,Books,958,415,960088.44,2,15.17
33,Books Product 033,Books,834,380,885174.24,3,13.99
11,Books Product 011,Books,890,401,694022.0,4,10.97
27,Books Product 027,Books,789,375,627199.77,5,9.91
109,Books Product 109,Books,817,360,401702.56,6,6.35
102,Books Product 102,Books,847,375,356163.5,7,5.63
32,Books Product 032,Books,823,385,333619.51,8,5.27
41,Books Product 041,Books,852,383,331947.72,9,5.25
55,Books Product 055,Books,828,376,225207.72,10,3.56
54,Books Product 054,Books,850,360,171385.5,11,2.71
25,Electronics Product 025,Electronics,1119,498,14697259.32,1,12.77
43,Electronics Product 043,Electronics,1194,522,7229598.36,2,6.28
113,Electronics Product 113,Electronics,1091,496,7228365.95,3,6.28
72,Electronics Product 072,Electronics,1293,571,7086881.28,4,6.16
49,Electronics Product 049,Electronics,1162,518,6254000.2,5,5.44
5,Electronics Product 005,Electronics,1186,533,6033691.98,6,5.24
35,Electronics Product 035,Electronics,1195,538,5696337.95,7,4.95
116,Electronics Product 116,Electronics,1149,525,5230776.54,8,4.55
47,Electronics Product 047,Electronics,1322,569,5158761.28,9,4.48
66,Electronics Product 066,Electronics,1152,512,5151029.76,10,4.48
71,Electronics Product 071,Electronics,1147,506,4951920.16,11,4.3
18,Electronics Product 018,Electronics,1197,517,4683872.97,12,4.07
77,Electronics Product 077,Electronics,1208,521,4593806.56,13,3.99
99,Electronics Product 099,Electronics,1205,533,4164624.6,14,3.62
74,Electronics Product 074,Electronics,1158,499,4088353.74,15,3.55
45,Electronics Product 045,Electronics,1170,518,4032779.4,16,3.5
119,Electronics Product 119,Electronics,1190,521,3719594.9,17,3.23
14,Electronics Product 014,Electronics,1266,555,3078468.9,18,2.68
86,Electronics Product 086,Electronics,1136,503,2666498.72,19,2.32
37,Electronics Product 037,Electronics,1185,545,2575964.85,20,2.24
89,Electronics Product 089,Electronics,1223,542,2479082.15,21,2.15
4,Electronics Product 004,Electronics,1260,563,2452489.2,22,2.13
93,Electronics Product 093,Electronics,1193,524,1805199.88,23,1.57
80,Fashion Product 080,Fashion,1087,478,3637330.27,1,12.13
44,Fashion Product 044,Fashion,1023,456,3476767.8,2,11.59
87,Fashion Product 087,Fashion,1014,435,2933380.32,3,9.78
82,Fashion Product 082,Fashion,1073,468,2912132.73,4,9.71
117,Fashion Product 117,Fashion,1011,464,2857460.07,5,9.53
107,Fashion Product 107,Fashion,1027,441,2392550.55,6,7.98
69,Fashion Product 069,Fashion,1023,473,2361329.52,7,7.87
22,Fashion Product 022,Fashion,1066,470,2332941.0,8,7.78
7,Fashion Product 007,Fashion,1056,470,1623293.76,9,5.41
59,Fashion Product 059,Fashion,950,411,1560926.0,10,5.21
73,Fashion Product 073,Fashion,1116,484,1542591.0,11,5.14
118,Fashion Product 118,Fashion,1127,485,1341558.26,12,4.47
23,Fashion Product 023,Fashion,1025,468,1013858.25,13,3.38
12,Grocery Product 012,Grocery,1258,581,2026864.44,1,12.79
19,Grocery Product 019,Grocery,1195,525,1884013.1,2,11.89
6,Grocery Product 006,Grocery,1139,527,1345512.09,3,8.49
111,Grocery Product 111,Grocery,1220,566,1234725.4,4,7.79
90,Grocery Product 090,Grocery,1279,560,1193639.54,5,7.53
2,Grocery Product 002,Grocery,1288,591,1147646.64,6,7.24
38,Grocery Product 038,Grocery,1269,572,973551.42,7,6.15
115,Grocery Product 115,Grocery,1188,535,896975.64,8,5.66
97,Grocery Product 097,Grocery,1270,571,854252.8,9,5.39
61,Grocery Product 061,Grocery,1304,583,850142.8,10,5.37
20,Grocery Product 020,Grocery,1348,591,804661.64,11,5.08
94,Grocery Product 094,Grocery,1298,598,795297.58,12,5.02
95,Grocery Product 095,Grocery,1339,587,721640.66,13,4.56
34,Grocery Product 034,Grocery,1195,544,658612.3,14,4.16
75,Grocery Product 075,Grocery,1215,563,454713.75,15,2.87
17,Home Product 017,Home,965,413,4840092.6,1,15.87
56,Home Product 056,Home,772,362,4419746.32,2,14.49
85,Home Product 085,Home,999,446,4075840.08,3,13.36
106,Home Product 106,Home,901,411,3894293.19,4,12.77
60,Home Product 060,Home,946,435,3376009.12,5,11.07
64,Home Product 064,Home,824,382,2991078.8,6,9.81
67,Home Product 067,Home,934,407,2930761.24,7,9.61
29,Home Product 029,Home,961,426,2021136.76,8,6.63
81,Home Product 081,Home,979,434,1956022.42,9,6.41
3,Office Product 003,Office,832,380,1451407.36,1,24.68
36,Office Product 036,Office,837,363,856133.82,2,14.56
110,Office Product 110,Office,896,393,737300.48,3,12.54
24,Office Product 024,Office,843,369,681793.11,4,11.59
112,Office Product 112,Office,816,363,521954.4,5,8.88
26,Office Product 026,Office,809,372,454075.52,6,7.72
48,Office Product 048,Office,805,379,433685.7,7,7.37
46,Office Product 046,Office,841,376,410029.55,8,6.97
120,Office Product 120,Office,737,329,334472.71,9,5.69
31,Pet Care Product 031,Pet Care,699,314,960803.46,1,41.28
108,Pet Care Product 108,Pet Care,712,321,701063.68,2,30.12
57,Pet Care Product 057,Pet Care,771,333,501974.97,3,21.57
76,Pet Care Product 076,Pet Care,666,306,163802.7,4,7.04
88,Sports Product 088,Sports,853,367,4028420.45,1,18.28
51,Sports Product 051,Sports,943,414,3214187.21,2,14.59
53,Sports Product 053,Sports,850,388,2938161.0,3,13.33
16,Sports Product 016,Sports,766,339,2664852.72,4,12.09
91,Sports Product 091,Sports,784,355,2540222.72,5,11.53
101,Sports Product 101,Sports,888,391,2004242.64,6,9.1
15,Sports Product 015,Sports,834,390,1381245.78,7,6.27
42,Sports Product 042,Sports,795,367,1210928.1,8,5.5
28,Sports Product 028,Sports,868,388,1135899.52,9,5.16
114,Sports Product 114,Sports,808,358,915375.12,10,4.15
10,Toys Product 010,Toys,813,349,2343277.38,1,22.05
96,Toys Product 096,Toys,847,375,2191764.96,2,20.62
68,Toys Product 068,Toys,771,356,1438446.99,3,13.54
13,Toys Product 013,Toys,847,367,1260251.3,4,11.86
83,Toys Product 083,Toys,739,336,1159867.89,5,10.91
63,Toys Product 063,Toys,767,331,1158031.94,6,10.9
52,Toys Product 052,Toys,752,339,1075758.56,7,10.12
8,Travel Product 008,Travel,752,334,4912515.2,1,21.59
65,Travel Product 065,Travel,725,318,4655022.0,2,20.45
100,Travel Product 100,Travel,743,316,3011052.08,3,13.23
21,Travel Product 021,Travel,687,314,2960124.99,4,13.01
103,Travel Product 103,Travel,641,291,2526527.14,5,11.1
92,Travel Product 092,Travel,655,299,2083129.25,6,9.15
79,Travel Product 079,Travel,652,293,1393917.32,7,6.12
58,Travel Product 058,Travel,672,317,1215789.12,8,5.34
